user_id,total_orders,total_spent
nan,98743,1.23005251E7
1.515915625484623e+18,121,18753.210000000003
1.5159156254846226e+18,113,17595.880000000005
1.515915625484626e+18,140,16758.649999999998
1.5159156254846267e+18,118,16723.92000000001
1.5159156254846277e+18,109,15936.53
1.5159156254846362e+18,79,14376.219999999994
1.5159156254846213e+18,125,14325.189999999999
1.515915625484631e+18,96,13871.990000000002
1.5159156254846316e+18,94,13853.020000000002
1.5159156254846308e+18,99,13694.56
1.5159156254846218e+18,123,13435.960000000003
1.5159156254846208e+18,107,13262.660000000003
1.515915625484625e+18,78,13048.589999999998
1.515915625484628e+18,119,12941.610000000002
1.5159156254846313e+18,86,12934.609999999997
1.5159156254846223e+18,121,12675.350000000002
1.515915625484632e+18,94,12572.820000000003
1.515915625484622e+18,121,12360.230000000005
1.5159156254846323e+18,95,12327.779999999999
1.5159156254846241e+18,86,12309.060000000005
1.5159156254846228e+18,112,12253.219999999996
1.5159156254846275e+18,112,11804.560000000001
1.515915625484624e+18,99,11485.789999999999
1.5159156254846295e+18,88,11205.159999999998
1.5159156254846272e+18,119,10819.280000000004
1.5159156254846252e+18,102,10639.389999999998
1.5159156254846282e+18,79,10623.410000000003
1.5159156254846234e+18,93,10580.889999999996
1.5159156254846246e+18,92,10465.29
1.515915625484627e+18,91,10413.509999999998
1.5159156254846333e+18,76,10243.640000000001
1.5159156254846292e+18,63,10178.450000000003
1.5159156254846328e+18,79,10155.980000000003
1.5159156254846326e+18,95,9720.089999999998
1.5159156254846285e+18,71,9696.359999999999
1.5159156254846351e+18,70,9517.85
1.5159156254846236e+18,84,9367.37
1.5159156254846336e+18,84,9275.390000000001
1.5159156254846354e+18,62,8900.69
1.5159156254846318e+18,86,8713.780000000002
1.5159156254846298e+18,69,8498.029999999999
1.5159156254846364e+18,69,8186.47
1.5159156254846303e+18,72,8165.099999999999
1.5159156254846257e+18,81,8133.959999999998
1.5159156254846205e+18,88,7759.149999999999
1.5159156254846216e+18,91,7467.050000000002
1.515915625484635e+18,64,7371.460000000001
1.5159156254846305e+18,71,7338.510000000002
1.5159156254846367e+18,70,7176.89
1.515915625484634e+18,65,7172.19
1.515915625484633e+18,88,6932.210000000001
1.5159156254846262e+18,79,6926.430000000003
1.5159156254846264e+18,86,6878.419999999999
1.5159156254846287e+18,59,6857.21
1.5159156254846244e+18,65,6426.610000000001
1.5159156254846254e+18,82,6332.32
1.5159156254846356e+18,55,6175.15
1.5159156254846339e+18,55,5923.690000000001
1.5159156254846346e+18,43,5854.800000000001
1.5159156254569016e+18,11,5526.819999999999
1.515915625484636e+18,51,5307.0599999999995
1.515915625484621e+18,65,4585.490000000001
1.51591562548463e+18,57,4372.820000000001
1.515915625484629e+18,38,4025.65
1.5159156254416625e+18,3,3643.91
1.5159156254845714e+18,18,3233.379999999999
1.5159156254846344e+18,28,2962.62
1.5159156254846177e+18,23,2877.95
1.5159156254421755e+18,2,2868.24
1.5159156254845824e+18,14,2782.56
1.5159156254844337e+18,12,2729.8399999999992
1.5159156254844326e+18,25,2662.4199999999996
1.5159156254846193e+18,20,2570.79
1.515915625484582e+18,20,2350.7200000000003
1.51591562548462e+18,21,2328.24
1.5159156254845816e+18,20,2303.02
1.515915625484619e+18,23,2266.3799999999997
1.5159156254846172e+18,10,2195.62
1.515915625484581e+18,18,2144.0200000000004
1.5159156254818737e+18,2,1990.6999999999998
1.515915625482665e+18,2,1967.54
1.5159156254846182e+18,20,1873.4099999999999
1.5159156254794063e+18,16,1779.7300000000002
1.5159156254846164e+18,10,1772.6800000000003
1.5159156254409672e+18,3,1750.4
1.515915625479406e+18,11,1750.2500000000002
1.515915625484583e+18,19,1721.8000000000004
1.5159156254846203e+18,11,1720.83
1.5159156254981578e+18,2,1711.06
1.515915625484617e+18,11,1679.86
1.5159156254431918e+18,2,1629.59
1.5159156254412173e+18,3,1629.56
1.5159156254435354e+18,1,1620.35
1.5159156254845832e+18,14,1600.8399999999997
1.5159156254844334e+18,19,1563.9199999999996
1.515915625441507e+18,1,1550.9
1.5159156254412221e+18,2,1536.99
1.5159156254846198e+18,13,1497.8400000000001
1.5159156254845814e+18,16,1453.1200000000001
1.5159156254429512e+18,1,1433.54
1.515915625449293e+18,1,1433.54
1.5159156254446364e+18,1,1433.54
1.5159156254424353e+18,2,1432.82
1.515915625465539e+18,1,1387.01
1.5159156254624824e+18,1,1387.01
1.515915625467365e+18,1,1385.39
1.5159156254579707e+18,1,1337.71
1.5159156254771146e+18,1,1319.42
1.5159156254518692e+18,2,1278.92
1.5159156254846185e+18,21,1272.04
1.5159156254595377e+18,8,1241.26
1.5159156254824686e+18,2,1217.55
1.5159156254424922e+18,1,1213.87
1.5159156254576522e+18,2,1134.22
1.5159156254824852e+18,3,1123.77
1.5159156254416422e+18,1,1122.66
1.5159156254459126e+18,4,1111.95
1.5159156254760906e+18,2,1074.0200000000002
1.515915625444112e+18,1,1064.79
1.5159156254519634e+18,3,1060.12
1.515915625482795e+18,3,1043.4499999999998
1.5159156254579464e+18,1,1041.64
1.5159156254426115e+18,1,1041.64
1.5159156254810796e+18,1,1041.64
1.5159156254699692e+18,1,1018.29
1.5159156254545198e+18,1,1006.92
1.5159156254435456e+18,4,1004.5299999999999
1.5159156254846195e+18,8,987.0999999999999
1.5159156254759089e+18,2,983.75
1.515915625483255e+18,1,946.74
1.515915625476357e+18,1,925.9
1.5159156254693847e+18,1,925.9
1.515915625459984e+18,1,925.9
1.5159156254845821e+18,12,913.4000000000001
1.515915625482871e+18,2,893.48
1.5159156254604687e+18,1,879.61
1.5159156254432893e+18,1,879.61
1.5159156254525181e+18,4,877.22
1.515915625442947e+18,2,856.44
1.5159156254450468e+18,1,856.23
1.515915625484618e+18,14,849.03
1.5159156254415775e+18,2,848.57
1.515915625467796e+18,3,826.3199999999999
1.5159156254551388e+18,2,821.71
1.515915625465599e+18,2,815.9300000000001
1.5159156254500127e+18,4,814.02
1.5159156254580595e+18,1,810.16
1.5159156254570376e+18,1,810.16
1.5159156254792635e+18,3,810.12
1.5159156254555932e+18,2,805.27
1.5159156254655808e+18,3,796.2199999999999
1.5159156254533683e+18,1,794.65
1.5159156254641487e+18,2,787.0
1.5159156254439124e+18,3,784.4200000000001
1.5159156254460434e+18,1,780.07
1.5159156254630508e+18,2,768.48
1.5159156254482084e+18,1,763.87
1.51591562546648e+18,1,763.63
1.5159156254429742e+18,1,763.63
1.515915625443342e+18,1,763.63
1.5159156254478085e+18,1,763.63
1.5159156254668472e+18,3,758.7300000000001
1.5159156254447805e+18,1,740.72
1.515915625453155e+18,2,740.7
1.5159156254791073e+18,2,740.7
1.515915625472378e+18,2,729.12
1.51591562547429e+18,2,724.49
1.5159156254655624e+18,2,717.55
1.5159156254567055e+18,1,708.31
1.5159156254845711e+18,7,708.09
1.5159156254722982e+18,1,701.37
1.5159156254436585e+18,1,694.42
1.5159156254487685e+18,1,694.42
1.5159156254458442e+18,1,694.42
1.5159156254481062e+18,3,692.05
1.5159156254476193e+18,4,692.04
1.5159156254427523e+18,1,687.48
1.5159156254430863e+18,2,682.36
1.5159156254690092e+18,1,671.27
1.5159156254443005e+18,1,671.27
1.5159156254527153e+18,1,671.27
1.515915625454653e+18,2,666.62
1.5159156254679537e+18,2,663.62
1.5159156254503995e+18,1,648.13
1.5159156254931348e+18,1,648.13
1.5159156254430533e+18,2,644.63
1.5159156254409976e+18,2,631.9000000000001
1.5159156254575421e+18,5,630.2099999999999
1.5159156254481326e+18,1,624.98
1.5159156254413053e+18,4,620.97
1.515915625484433e+18,14,618.47
1.515915625451323e+18,1,611.09
1.515915625460807e+18,4,607.31
1.5159156254763546e+18,3,603.64
1.5159156254824325e+18,2,602.5
1.5159156254619333e+18,1,601.83
1.5159156254711404e+18,3,597.16
1.5159156254794058e+18,5,594.79
1.5159156254650696e+18,1,590.25
1.5159156254744748e+18,1,590.25
1.5159156255137175e+18,1,590.25
1.5159156254443543e+18,1,590.25
1.5159156254842e+18,1,587.94
1.515915625458392e+18,1,578.68
1.5159156254448553e+18,1,578.68
1.515915625465159e+18,1,578.68
1.515915625453138e+18,1,578.68
1.5159156254411034e+18,1,578.68
1.515915625472604e+18,1,578.68
1.515915625443746e+18,1,578.68
1.5159156254413025e+18,2,578.6600000000001
1.515915625493703e+18,2,577.52
1.5159156254997015e+18,1,576.37
1.5159156254748306e+18,2,576.35
1.5159156254503462e+18,1,569.19
1.5159156254422666e+18,1,569.19
1.5159156254699185e+18,1,567.11
1.5159156254522568e+18,2,567.0799999999999
1.5159156254567565e+18,2,560.6
1.5159156254845706e+18,8,558.15
1.5159156254432223e+18,3,545.0699999999999
1.5159156254845827e+18,17,539.23
1.515915625513725e+18,1,537.01
1.5159156254528622e+18,2,536.99
1.5159156254426414e+18,1,532.38
1.5159156254439194e+18,1,532.38
1.5159156254503767e+18,1,532.38
1.5159156254675604e+18,1,525.44
1.5159156254416865e+18,2,525.4200000000001
1.5159156254450563e+18,2,524.72
1.5159156254800922e+18,1,520.81
1.5159156254642245e+18,1,520.76
1.5159156254425395e+18,2,518.47
1.5159156254692293e+18,2,516.16
1.5159156255120607e+18,4,513.79
1.515915625460506e+18,1,509.24
1.515915625443687e+18,2,505.74
1.515915625441577e+18,1,500.46
1.5159156254832576e+18,1,497.66
1.5159156254431898e+18,2,487.47999999999996
1.5159156254589489e+18,1,486.09
1.51591562544205e+18,1,486.09
1.515915625470647e+18,1,486.09
1.5159156254429396e+18,1,486.09
1.5159156254426798e+18,1,486.09
1.5159156254413996e+18,1,486.09
1.5159156254514542e+18,2,485.84000000000003
1.5159156254463624e+18,3,484.42
1.5159156254563407e+18,3,484.42
1.515915625484572e+18,6,482.50999999999993
1.515915625444509e+18,1,481.46
1.5159156254438705e+18,3,479.09
1.5159156254596485e+18,2,474.49
1.5159156254464266e+18,2,472.18
1.515915625481192e+18,2,472.16999999999996
1.5159156254845722e+18,9,464.38
1.515915625442213e+18,1,462.71
1.5159156254649728e+18,1,462.71
1.515915625449877e+18,2,459.44
1.5159156254414234e+18,1,451.37
1.5159156254569e+18,3,446.23
1.5159156254517775e+18,1,439.79
1.5159156254421622e+18,1,439.79
1.5159156254828378e+18,1,439.79
1.5159156254476516e+18,1,439.79
1.5159156254431183e+18,1,428.22
1.5159156254860595e+18,1,428.22
1.5159156254570706e+18,2,428.19
1.515915625442182e+18,3,428.18
1.5159156254637647e+18,1,427.06
1.515915625460224e+18,1,425.9
1.515915625441795e+18,3,424.7
1.515915625450349e+18,2,423.56
1.5159156254616978e+18,2,420.09
1.515915625449805e+18,3,419.84000000000003
1.515915625446031e+18,1,418.96
1.5159156254596703e+18,1,416.64
1.515915625453398e+18,1,416.64
1.5159156254786284e+18,1,416.64
1.5159156254565583e+18,1,416.64
1.5159156254418895e+18,1,416.64
1.5159156254958377e+18,1,416.64
1.5159156254470036e+18,1,416.64
1.5159156254740628e+18,1,416.64
1.515915625442432e+18,1,416.64
1.5159156254580068e+18,1,416.41
1.5159156255114819e+18,1,416.41
1.515915625455275e+18,1,405.07
1.5159156255137265e+18,2,405.03999999999996
1.5159156254411264e+18,3,404.8
1.5159156254598257e+18,1,402.75
1.5159156254734513e+18,2,402.73
1.5159156254965847e+18,2,400.42
1.5159156254444086e+18,1,393.5
1.515915625456423e+18,1,393.5
1.5159156254642936e+18,1,393.5
1.5159156254413524e+18,1,393.5
1.5159156254526815e+18,1,391.18
1.5159156254413542e+18,2,385.37
1.5159156254614356e+18,1,381.92
1.5159156254462428e+18,1,381.92
1.5159156254648376e+18,1,372.66
1.515915625464936e+18,2,370.78
1.5159156254452902e+18,1,370.35
1.515915625443023e+18,1,370.35
1.515915625441104e+18,1,370.35
1.5159156254412155e+18,1,370.35
1.5159156254707794e+18,1,370.35
1.5159156254427072e+18,1,370.35
1.5159156254438605e+18,1,370.35
1.5159156254412644e+18,1,370.35
1.5159156255137185e+18,1,368.03
1.5159156254571203e+18,1,368.03
1.515915625481163e+18,2,368.01
1.5159156254417096e+18,1,361.09
1.5159156254534671e+18,4,360.56
1.515915625458967e+18,1,358.77
1.5159156255044739e+18,4,356.88
1.5159156254694239e+18,1,351.83
1.5159156254498583e+18,2,349.49
1.5159156254482916e+18,1,347.2
1.5159156254450673e+18,1,347.2
1.5159156254781084e+18,1,347.2
1.5159156254482204e+18,1,347.2
1.5159156254418903e+18,1,347.2
1.5159156254970524e+18,1,347.2
1.5159156254522816e+18,1,347.2
1.51591562551372e+18,2,344.86
1.515915625442398e+18,2,336.53000000000003
1.5159156254846167e+18,7,336.17
1.5159156254531256e+18,1,335.63
1.5159156254435763e+18,1,335.63
1.5159156254446848e+18,1,335.63
1.515915625450926e+18,2,329.12
1.5159156254729341e+18,2,328.43
1.5159156254423114e+18,2,325.65000000000003
1.5159156254435564e+18,1,324.05
1.5159156254646374e+18,1,324.05
1.5159156254550892e+18,1,324.05
1.5159156254456847e+18,1,324.05
1.5159156254482842e+18,1,324.05
1.5159156254459901e+18,1,324.05
1.5159156254530964e+18,1,324.05
1.5159156255122957e+18,1,324.05
1.5159156254470817e+18,1,324.05
1.515915625457135e+18,2,324.03000000000003
1.5159156254419502e+18,2,323.56
1.5159156254513925e+18,4,319.35
1.515915625464801e+18,1,318.26
1.5159156254425283e+18,1,317.11
1.5159156254460078e+18,1,314.79
1.5159156254567186e+18,2,312.45
1.5159156254769853e+18,2,312.45
1.5159156254412928e+18,1,307.85
1.5159156254788088e+18,2,307.82
1.5159156254483512e+18,2,303.19
1.5159156254410998e+18,1,300.9
1.515915625464858e+18,1,300.9
1.5159156254839903e+18,1,300.9
1.5159156254640323e+18,5,297.33
1.515915625480214e+18,1,295.81
1.5159156254505508e+18,2,295.78999999999996
1.5159156254453921e+18,1,293.96
1.5159156254705649e+18,2,292.78
1.5159156254431007e+18,1,291.64
1.5159156254416707e+18,1,289.33
1.515915625464419e+18,1,289.33
1.515915625442502e+18,1,289.33
1.5159156254450345e+18,1,289.33
1.5159156254425157e+18,2,289.3
1.5159156254461012e+18,1,288.17
1.5159156254661893e+18,1,287.01
1.5159156254601103e+18,2,284.68
1.5159156254414853e+18,1,283.54
1.515915625479578e+18,2,281.2
1.5159156254788252e+18,1,277.75
1.515915625482443e+18,1,277.75
1.5159156254443745e+18,1,277.75
1.5159156254643927e+18,1,277.75
1.5159156254786785e+18,1,277.75
1.5159156255126725e+18,1,277.75
1.5159156255137242e+18,1,277.75
1.5159156254656356e+18,1,277.75
1.5159156254634314e+18,1,277.55
1.5159156254487772e+18,3,275.39
1.5159156254454958e+18,2,273.57
1.5159156254536978e+18,1,273.13
1.5159156254640044e+18,1,273.13
1.5159156254806316e+18,1,270.12
1.515915625450406e+18,2,269.63
1.5159156254547092e+18,3,268.45000000000005
1.5159156254433303e+18,3,268.45
1.5159156254569024e+18,1,268.26
1.5159156254420472e+18,1,263.87
1.5159156254419108e+18,2,258.06
1.5159156254465027e+18,1,256.92
1.5159156254420984e+18,1,254.61
1.5159156254673357e+18,1,254.61
1.5159156254537096e+18,1,254.61
1.515915625456238e+18,1,254.61
1.515915625454163e+18,1,254.61
1.515915625463321e+18,1,254.61
1.5159156254620639e+18,1,254.61
1.515915625443612e+18,1,254.61
1.5159156254410294e+18,1,254.61
1.5159156254622812e+18,2,253.43
1.5159156254629097e+18,1,249.98
1.5159156254549274e+18,1,249.98
1.5159156254521344e+18,2,248.8
1.5159156254427776e+18,2,247.51
1.5159156254565312e+18,3,243.91
1.5159156254410386e+18,3,242.98000000000002
1.515915625469016e+18,1,239.56
1.5159156254627886e+18,3,238.36
1.51591562544865e+18,2,237.01999999999998
1.5159156254447962e+18,1,236.09
1.5159156254561795e+18,2,236.07
1.515915625449275e+18,1,231.46
1.5159156254487726e+18,1,231.46
1.5159156254448591e+18,1,231.46
1.5159156254449736e+18,1,231.46
1.515915625484567e+18,1,231.46
1.5159156254812577e+18,1,231.46
1.5159156254810895e+18,2,231.44
1.5159156254583798e+18,1,231.23
1.5159156254614433e+18,1,231.23
1.515915625452498e+18,2,231.2
1.5159156254579668e+18,2,229.12
1.5159156254433037e+18,1,226.83
1.5159156254587663e+18,1,225.67
1.5159156254587773e+18,1,225.67
1.515915625441558e+18,1,224.98
1.5159156254725988e+18,1,224.51
1.5159156254564718e+18,1,224.38
1.515915625447067e+18,2,224.03
1.5159156254846175e+18,10,220.86999999999998
1.5159156254412718e+18,1,219.88
1.5159156254806764e+18,1,219.88
1.51591562544533e+18,1,219.88
1.515915625482453e+18,1,219.88
1.515915625444116e+18,5,217.48
1.5159156254640868e+18,2,211.16
1.5159156254861885e+18,2,210.6
1.5159156254483172e+18,1,208.31
1.5159156254449946e+18,1,208.31
1.5159156254421955e+18,1,208.31
1.5159156254417288e+18,1,208.31
1.5159156254448384e+18,1,208.31
1.5159156254542597e+18,1,208.31
1.5159156255039631e+18,1,208.31
1.5159156254571817e+18,1,208.31
1.515915625460243e+18,1,208.31
1.5159156254419863e+18,1,208.31
1.5159156254532221e+18,1,208.31
1.5159156254807278e+18,1,208.08
1.5159156254589578e+18,1,208.08
1.5159156254719232e+18,1,208.08
1.5159156254586422e+18,1,208.08
1.5159156254493348e+18,2,205.97
1.51591562545106e+18,1,203.68
1.5159156254752837e+18,1,203.68
1.5159156254464003e+18,1,203.68
1.5159156254522803e+18,1,203.68
1.5159156254767002e+18,1,203.68
1.515915625462812e+18,1,202.52
1.5159156254414318e+18,2,200.41
1.515915625454713e+18,2,200.17999999999998
1.515915625458924e+18,1,198.13
1.515915625513785e+18,1,198.13
1.515915625448341e+18,1,196.74
1.5159156254615357e+18,1,196.74
1.5159156254818476e+18,1,196.74
1.51591562546407e+18,1,196.74
1.5159156254561764e+18,1,196.74
1.515915625443056e+18,6,194.57
1.515915625470559e+18,1,194.42
1.5159156254415547e+18,2,189.77
1.5159156254428675e+18,2,189.76999999999998
1.5159156254754488e+18,2,189.76
1.515915625441123e+18,3,188.58
1.515915625442265e+18,1,185.16
1.515915625484145e+18,1,185.16
1.515915625450344e+18,1,185.16
1.5159156254815373e+18,1,185.16
1.5159156254526095e+18,1,185.16
1.5159156254574175e+18,1,185.16
1.5159156254614715e+18,1,185.16
1.5159156254448445e+18,1,185.16
1.515915625458541e+18,1,185.16
1.5159156254845916e+18,1,180.53
1.5159156254526712e+18,2,180.51
1.5159156254537116e+18,1,178.22
1.5159156254421286e+18,1,178.22
1.5159156254424822e+18,1,175.9
1.5159156254693716e+18,2,175.88
1.5159156254846188e+18,8,175.52
1.5159156254585812e+18,2,173.35
1.5159156254760428e+18,1,173.13
1.5159156254604078e+18,1,171.27
1.51591562546763e+18,3,168.91000000000003
1.5159156254611686e+18,2,168.7
1.5159156254416417e+18,2,167.78
1.5159156254844332e+18,5,167.71
1.5159156254427372e+18,1,166.64
1.5159156254553585e+18,2,166.63
1.515915625475998e+18,3,164.79
1.5159156254426365e+18,1,162.01
1.5159156254459935e+18,1,162.01
1.5159156254817856e+18,1,162.01
1.5159156254621279e+18,1,162.01
1.5159156254430129e+18,1,162.01
1.5159156254445542e+18,1,162.01
1.515915625441002e+18,1,162.01
1.5159156254825004e+18,1,162.01
1.5159156254482772e+18,1,162.01
1.5159156254763512e+18,1,162.01
1.5159156254419308e+18,2,161.99
1.515915625442045e+18,3,161.97
1.5159156254647631e+18,1,161.78
1.515915625441905e+18,1,161.78
1.5159156254425224e+18,4,159.87
1.5159156254454088e+18,2,159.67000000000002
1.515915625484434e+18,5,158.25
1.5159156254572017e+18,3,157.34
1.5159156254845716e+18,7,154.70999999999998
1.5159156254825636e+18,1,152.75
1.5159156254834685e+18,1,152.75
1.515915625476921e+18,1,152.75
1.5159156254655885e+18,1,152.55
1.5159156254440653e+18,2,151.57
1.515915625498297e+18,1,150.44
1.5159156254429087e+18,1,150.44
1.515915625459158e+18,2,150.42000000000002
1.5159156254481452e+18,2,148.1
1.5159156254510973e+18,2,147.87
1.515915625461307e+18,1,145.81
1.5159156254477391e+18,2,144.63
1.5159156254793078e+18,2,144.63
1.5159156254690547e+18,3,143.45
1.5159156254447406e+18,1,142.34
1.5159156254760973e+18,2,142.32
1.5159156254694835e+18,2,142.07999999999998
1.5159156254531927e+18,2,140.47
1.5159156254983782e+18,2,140.0
1.5159156254542948e+18,1,138.87
1.5159156254551135e+18,1,138.87
1.5159156254654907e+18,1,138.87
1.515915625457206e+18,1,138.87
1.5159156254691917e+18,1,138.87
1.5159156254866785e+18,1,138.87
1.515915625444098e+18,1,138.87
1.5159156254455624e+18,1,138.87
1.5159156254436472e+18,1,138.87
1.515915625471635e+18,1,138.87
1.5159156254415186e+18,1,138.87
1.51591562546917e+18,1,138.87
1.5159156254419515e+18,1,138.87
1.5159156254426908e+18,1,138.87
1.5159156254508698e+18,1,138.87
1.5159156254514493e+18,1,138.87
1.5159156254523722e+18,1,138.87
1.5159156254414182e+18,1,138.87
1.5159156254731144e+18,1,138.87
1.5159156254561887e+18,1,138.87
1.5159156254656148e+18,1,138.87
1.5159156254697743e+18,1,138.87
1.5159156254742006e+18,1,138.87
1.5159156254811213e+18,1,138.87
1.5159156254608312e+18,1,138.87
1.5159156254629166e+18,1,138.87
1.5159156254425178e+18,2,138.85
1.51591562547546e+18,2,138.84
1.5159156254619648e+18,1,138.63
1.5159156254486574e+18,1,138.63
1.515915625463438e+18,1,138.63
1.5159156254438228e+18,1,138.63
1.515915625441073e+18,1,138.63
1.515915625459504e+18,1,138.63
1.5159156254423877e+18,1,138.63
1.515915625455634e+18,1,138.4
1.5159156254477304e+18,3,138.36
1.5159156254651988e+18,1,136.32
1.515915625461807e+18,1,134.24
1.5159156254716188e+18,1,131.92
1.51591562548062e+18,3,131.87
1.515915625448236e+18,2,129.84
1.515915625446446e+18,1,129.61
1.515915625444936e+18,2,129.59
1.5159156254815135e+18,1,127.29
1.5159156254716623e+18,1,127.29
1.51591562549945e+18,1,127.29
1.5159156254827686e+18,1,127.29
1.515915625454011e+18,1,127.29
1.515915625467529e+18,1,127.29
1.515915625462061e+18,1,127.29
1.5159156254672238e+18,2,127.27000000000001
1.5159156254742044e+18,2,127.27000000000001
1.5159156254531615e+18,2,127.06
1.5159156254651264e+18,1,127.06
1.5159156254835725e+18,1,124.98
1.515915625441027e+18,1,124.98
1.5159156254413181e+18,2,124.95
1.515915625452848e+18,3,124.65
1.5159156254824294e+18,1,122.66
1.515915625453088e+18,1,122.66
1.5159156254485245e+18,1,122.66
1.5159156254430346e+18,2,122.41
1.5159156254459428e+18,3,121.46000000000001
1.5159156254676398e+18,1,120.58
1.515915625472107e+18,2,119.17
1.5159156254635254e+18,1,118.03
1.515915625478103e+18,2,118.01
1.5159156254590344e+18,2,116.63
1.5159156254409925e+18,1,115.72
1.5159156254995018e+18,1,115.72
1.5159156254438295e+18,1,115.72
1.515915625469418e+18,1,115.72
1.5159156254545303e+18,1,115.72
1.5159156254439334e+18,1,115.72
1.5159156254522954e+18,1,115.72
1.5159156254570962e+18,1,115.72
1.515915625444915e+18,1,115.72
1.5159156254642268e+18,1,115.72
1.5159156254414472e+18,1,115.72
1.5159156254520023e+18,1,115.72
1.5159156254454228e+18,1,115.72
1.51591562544623e+18,2,115.69
1.515915625441474e+18,2,115.69
1.5159156254596867e+18,1,115.49
1.51591562544099e+18,1,115.49
1.5159156254692244e+18,1,115.49
1.5159156254737815e+18,1,115.49
1.5159156254679734e+18,1,113.4
1.5159156254719398e+18,2,112.22
1.5159156254424873e+18,1,111.09
1.5159156254413174e+18,1,111.09
1.515915625446929e+18,2,111.06
1.5159156254485627e+18,2,111.06
1.5159156254441234e+18,3,111.05000000000001
1.5159156254461716e+18,2,109.67
1.5159156254513382e+18,1,108.54
1.5159156254441859e+18,1,108.54
1.5159156254590336e+18,2,108.52
1.515915625466973e+18,2,108.08
1.515915625464895e+18,1,104.14
1.5159156254694267e+18,1,104.14
1.5159156254495045e+18,1,104.14
1.5159156254756024e+18,1,104.14
1.5159156254409807e+18,1,104.14
1.5159156254481684e+18,1,104.14
1.5159156254602793e+18,1,104.14
1.515915625464466e+18,1,104.14
1.5159156254675958e+18,1,104.14
1.5159156254846052e+18,1,104.14
1.5159156254415168e+18,1,104.14
1.5159156254711537e+18,1,104.14
1.5159156254457075e+18,1,104.14
1.5159156254410798e+18,1,104.14
1.5159156254556833e+18,1,104.14
1.515915625456248e+18,1,104.14
1.5159156254727744e+18,1,104.14
1.515915625460184e+18,1,104.14
1.5159156254667118e+18,2,104.13
1.5159156254578237e+18,1,101.83
1.5159156254467167e+18,1,101.83
1.5159156254497764e+18,2,101.81
1.5159156255126605e+18,2,101.80000000000001
1.515915625441077e+18,2,101.8
1.5159156254521608e+18,3,101.78
1.515915625453184e+18,3,100.39
1.515915625453092e+18,3,100.17
1.5159156254431247e+18,1,99.51
1.515915625477226e+18,1,99.51
1.515915625474291e+18,1,99.51
1.5159156254538458e+18,1,99.51
1.5159156254648645e+18,1,99.51
1.5159156254419046e+18,1,99.51
1.515915625460013e+18,1,99.51
1.5159156254596326e+18,2,98.33
1.5159156254415194e+18,2,98.11
1.5159156254614185e+18,1,97.2
1.515915625442627e+18,1,97.2
1.5159156254708047e+18,1,97.2
1.5159156254413386e+18,2,97.17999999999999
1.515915625448942e+18,3,94.84
1.5159156254804157e+18,1,92.57
1.5159156254486925e+18,1,92.57
1.5159156254561254e+18,1,92.57
1.5159156254749222e+18,1,92.57
1.5159156254653294e+18,1,92.57
1.515915625441565e+18,1,92.57
1.5159156254414103e+18,1,92.57
1.5159156254420833e+18,1,92.57
1.515915625444105e+18,1,92.57
1.5159156254497956e+18,1,92.57
1.5159156254699277e+18,1,92.57
1.5159156254763395e+18,1,92.57
1.5159156254633692e+18,3,92.52
1.5159156254700083e+18,2,90.00999999999999
1.515915625482471e+18,4,89.76
1.5159156254443763e+18,1,87.94
1.515915625448564e+18,3,87.2
1.515915625482438e+18,1,85.63
1.5159156254690414e+18,1,85.63
1.5159156254758223e+18,1,85.63
1.5159156254582564e+18,1,85.63
1.5159156254633551e+18,2,85.6
1.5159156255115218e+18,2,85.6
1.5159156254757258e+18,2,85.6
1.515915625458096e+18,1,83.31
1.5159156254425306e+18,2,83.28
1.5159156254481277e+18,2,82.6
1.5159156254657948e+18,2,81.44
1.5159156254790948e+18,2,81.21000000000001
1.5159156254628588e+18,2,81.21000000000001
1.5159156254410002e+18,1,81.0
1.5159156254600704e+18,1,81.0
1.5159156254633078e+18,1,81.0
1.5159156254844977e+18,1,81.0
1.5159156254429788e+18,1,81.0
1.5159156254481754e+18,1,81.0
1.5159156254588193e+18,1,81.0
1.5159156254566753e+18,1,81.0
1.5159156254502894e+18,1,81.0
1.5159156254990671e+18,1,81.0
1.5159156254514112e+18,1,81.0
1.515915625464833e+18,1,81.0
1.515915625469841e+18,1,81.0
1.515915625467716e+18,1,81.0
1.5159156254635395e+18,2,78.89
1.5159156254457687e+18,1,78.7
1.5159156254431434e+18,1,78.7
1.5159156254606397e+18,1,78.7
1.5159156254584773e+18,1,78.68
1.5159156254729987e+18,1,78.68
1.515915625482523e+18,1,78.68
1.5159156254592484e+18,1,78.68
1.5159156254478638e+18,1,78.68
1.5159156254537306e+18,2,78.66
1.5159156254839066e+18,1,77.75
1.5159156254589778e+18,1,77.75
1.515915625470006e+18,2,77.72999999999999
1.515915625442573e+18,1,77.52
1.5159156254501164e+18,1,77.52
1.515915625455349e+18,2,77.04
1.5159156254421228e+18,1,76.37
1.515915625454737e+18,1,76.37
1.5159156254691607e+18,1,76.37
1.5159156254476884e+18,2,76.35
1.515915625441887e+18,2,76.35
1.5159156254447764e+18,2,76.34
1.5159156254824274e+18,2,75.44
1.515915625441996e+18,2,75.42
1.5159156254419039e+18,4,75.13000000000001
1.5159156254532877e+18,1,74.05
1.515915625455535e+18,1,74.05
1.5159156254647352e+18,1,74.05
1.5159156254437686e+18,1,74.05
1.5159156254481298e+18,1,74.05
1.5159156254492544e+18,1,74.05
1.5159156254514365e+18,2,74.03
1.5159156254563645e+18,2,74.03
1.5159156254409917e+18,2,74.02000000000001
1.51591562544242e+18,2,73.82000000000001
1.5159156254493473e+18,1,71.74
1.515915625464737e+18,2,71.71000000000001
1.51591562544474e+18,2,71.71000000000001
1.515915625453838e+18,2,71.71000000000001
1.515915625442407e+18,2,70.93
1.5159156254694994e+18,2,70.55
1.515915625458727e+18,2,69.65
1.5159156254696054e+18,1,69.42
1.5159156254433318e+18,1,69.42
1.5159156254523185e+18,1,69.42
1.5159156254592852e+18,1,69.42
1.515915625461383e+18,1,69.42
1.5159156254449613e+18,1,69.42
1.5159156254417467e+18,1,69.42
1.5159156254685558e+18,1,69.42
1.5159156254489357e+18,1,69.42
1.5159156254840358e+18,1,69.42
1.5159156254652777e+18,1,69.42
1.5159156254580562e+18,1,69.42
1.5159156254531753e+18,1,69.42
1.5159156254808205e+18,1,69.42
1.5159156254427643e+18,1,69.42
1.5159156254520448e+18,1,69.42
1.515915625444367e+18,1,69.42
1.515915625445583e+18,1,69.42
1.515915625453414e+18,1,69.42
1.5159156254826276e+18,1,69.42
1.5159156254645164e+18,1,69.42
1.5159156254436992e+18,1,69.42
1.5159156254671506e+18,1,69.19
1.51591562547783e+18,1,68.73
1.5159156254443067e+18,2,68.27
1.5159156254817157e+18,2,68.25
1.515915625451612e+18,1,67.11
1.515915625446259e+18,1,67.11
1.5159156254531082e+18,1,67.11
1.5159156254779459e+18,1,67.11
1.5159156254428078e+18,1,67.11
1.5159156254663613e+18,2,67.08
1.5159156254580035e+18,1,65.95
1.5159156254411108e+18,1,65.81
1.5159156254469286e+18,2,65.7
1.5159156254659707e+18,1,64.79
1.5159156254413814e+18,1,64.79
1.5159156254711608e+18,1,64.79
1.5159156254727565e+18,2,64.77
1.515915625463906e+18,2,64.77
1.515915625443662e+18,3,64.53
1.515915625498754e+18,2,63.62
1.5159156254661076e+18,1,62.48
1.5159156254520366e+18,1,62.48
1.5159156254521093e+18,1,62.48
1.5159156254626399e+18,1,62.48
1.5159156254409695e+18,1,62.48
1.515915625498336e+18,1,62.48
1.5159156254413517e+18,2,62.45
1.5159156254590016e+18,3,62.43
1.515915625441634e+18,1,60.55
1.5159156254774676e+18,1,60.16
1.5159156254778094e+18,1,60.16
1.5159156254442422e+18,1,60.16
1.5159156254420977e+18,1,60.16
1.5159156254425293e+18,1,60.16
1.5159156254620337e+18,1,60.16
1.515915625482377e+18,1,60.16
1.5159156254434214e+18,1,60.16
1.5159156254420575e+18,2,58.28
1.5159156254428303e+18,1,57.85
1.5159156254602499e+18,1,57.85
1.5159156254545759e+18,1,57.85
1.5159156254547182e+18,1,57.85
1.5159156254591683e+18,1,57.85
1.5159156254622787e+18,1,57.85
1.5159156254506043e+18,1,57.85
1.5159156254710843e+18,1,57.85
1.515915625483401e+18,1,57.85
1.5159156254505718e+18,1,57.85
1.5159156254793405e+18,3,57.11
1.5159156254453824e+18,2,56.67
1.5159156254648028e+18,1,55.53
1.5159156255133832e+18,1,55.53
1.5159156254412887e+18,1,55.53
1.5159156254410575e+18,1,55.53
1.5159156254562872e+18,1,55.53
1.5159156254413066e+18,1,55.53
1.5159156254538604e+18,1,55.53
1.5159156254664776e+18,1,55.53
1.515915625451796e+18,2,55.510000000000005
1.515915625446548e+18,2,55.5
1.515915625442587e+18,1,54.61
1.5159156254642432e+18,1,54.61
1.5159156254552317e+18,2,54.35
1.5159156254661038e+18,2,53.65
1.5159156254688788e+18,1,53.22
1.5159156254433142e+18,1,53.22
1.5159156254760417e+18,1,53.22
1.5159156254549033e+18,1,53.22
1.5159156254493e+18,1,53.22
1.5159156254810885e+18,1,53.22
1.5159156254415245e+18,1,53.22
1.5159156254418936e+18,2,53.2
1.5159156254464535e+18,2,53.2
1.5159156254491866e+18,2,52.269999999999996
1.5159156254426097e+18,1,50.9
1.5159156254510364e+18,1,50.9
1.5159156254624573e+18,1,50.9
1.5159156254469778e+18,1,50.9
1.5159156254676782e+18,1,50.9
1.51591562544467e+18,1,50.9
1.5159156254486254e+18,1,50.21
1.515915625441687e+18,2,50.19
1.5159156254483822e+18,1,49.75
1.5159156254685435e+18,1,49.75
1.5159156255035402e+18,1,49.75
1.5159156254513416e+18,1,49.75
1.515915625469808e+18,2,48.8
1.5159156254923958e+18,1,48.59
1.5159156254660987e+18,1,48.59
1.5159156254543813e+18,1,48.59
1.5159156254555581e+18,1,48.59
1.5159156254834212e+18,1,48.59
1.5159156254604728e+18,1,48.59
1.515915625480298e+18,1,48.59
1.515915625482434e+18,1,48.59
1.5159156254550533e+18,1,48.59
1.5159156254543828e+18,1,48.59
1.5159156254419745e+18,2,48.57
1.515915625442706e+18,2,48.56
1.515915625451023e+18,1,48.36
1.5159156254536883e+18,2,48.34
1.5159156254634496e+18,1,47.43
1.51591562548111e+18,1,47.43
1.5159156255124431e+18,1,47.2
1.5159156254531935e+18,1,46.27
1.515915625448139e+18,1,46.27
1.5159156254668774e+18,1,46.27
1.515915625466375e+18,1,46.27
1.5159156254418744e+18,1,46.27
1.5159156254570273e+18,1,46.27
1.5159156254742776e+18,1,46.27
1.5159156254833567e+18,1,46.27
1.5159156254491896e+18,1,46.27
1.5159156254444849e+18,1,46.27
1.5159156254456374e+18,1,46.27
1.5159156254695204e+18,1,46.27
1.5159156254755172e+18,1,46.27
1.5159156254432161e+18,2,46.25
1.5159156254748762e+18,1,45.12
1.5159156254413919e+18,1,45.12
1.5159156254749094e+18,2,45.0
1.515915625484571e+18,4,44.809999999999995
1.5159156254438298e+18,1,43.96
1.5159156254497925e+18,1,43.96
1.5159156254447196e+18,1,43.96
1.5159156254419727e+18,1,43.96
1.515915625442235e+18,1,43.96
1.5159156254487188e+18,1,43.96
1.515915625469292e+18,1,43.96
1.515915625446185e+18,1,43.96
1.5159156254616768e+18,1,43.96
1.5159156254418872e+18,1,43.96
1.515915625459602e+18,1,43.96
1.5159156254610294e+18,1,43.96
1.5159156254431437e+18,1,43.96
1.5159156254670205e+18,1,43.96
1.5159156254629745e+18,2,43.24
1.5159156254488527e+18,1,42.8
1.5159156254426527e+18,1,42.8
1.5159156254657807e+18,1,42.8
1.5159156254656092e+18,1,42.8
1.5159156254420536e+18,2,42.18
1.5159156254487183e+18,1,41.64
1.5159156254615588e+18,1,41.64
1.515915625474072e+18,1,41.64
1.5159156254605476e+18,1,41.64
1.5159156254814044e+18,1,41.64
1.5159156254525343e+18,1,41.64
1.5159156254656113e+18,1,41.64
1.5159156254541683e+18,1,41.64
1.515915625450934e+18,1,41.64
1.5159156254450363e+18,1,41.64
1.515915625470457e+18,1,41.64
1.5159156254558979e+18,1,41.64
1.5159156254602831e+18,1,41.64
1.5159156254429868e+18,1,41.64
1.5159156254411523e+18,1,41.64
1.515915625451601e+18,1,41.64
1.515915625446989e+18,1,41.18
1.515915625449377e+18,1,41.18
1.5159156254435082e+18,1,41.18
1.5159156254641147e+18,1,40.49
1.515915625441957e+18,1,39.33
1.5159156254926218e+18,1,39.33
1.5159156254479936e+18,1,39.33
1.5159156254419397e+18,1,39.33
1.5159156254784888e+18,1,39.33
1.5159156254567232e+18,1,39.33
1.515915625449416e+18,1,39.33
1.5159156254416356e+18,1,39.33
1.5159156255119575e+18,1,39.33
1.5159156254536061e+18,1,39.33
1.5159156254631816e+18,1,39.33
1.5159156254676216e+18,1,39.33
1.5159156254637558e+18,1,39.33
1.5159156254742664e+18,1,39.33
1.5159156254986824e+18,1,39.33
1.5159156254426368e+18,2,39.31
1.5159156254505654e+18,1,38.17
1.5159156254455557e+18,1,38.17
1.5159156254429988e+18,2,38.15
1.5159156254433551e+18,1,37.71
1.5159156254437373e+18,1,37.25
1.5159156254439752e+18,1,37.25
1.515915625478143e+18,1,37.01
1.5159156254664174e+18,1,37.01
1.5159156254683302e+18,1,37.01
1.5159156254535608e+18,1,37.01
1.5159156254439457e+18,1,37.01
1.515915625446755e+18,1,37.01
1.5159156254414136e+18,1,37.01
1.5159156254428493e+18,1,37.01
1.515915625469484e+18,1,37.01
1.5159156254412431e+18,1,37.01
1.5159156254442068e+18,1,37.01
1.5159156254411779e+18,1,37.01
1.5159156254696806e+18,1,36.39
1.515915625441571e+18,1,35.63
1.515915625442951e+18,1,34.89
1.5159156254507182e+18,1,34.7
1.515915625443523e+18,1,34.7
1.515915625463324e+18,1,34.7
1.5159156254512077e+18,1,34.7
1.5159156254778708e+18,1,34.7
1.5159156254427564e+18,1,34.7
1.5159156254436454e+18,1,34.7
1.5159156254623311e+18,1,34.7
1.5159156254514916e+18,1,34.7
1.5159156254705336e+18,1,34.7
1.5159156254435983e+18,1,34.7
1.5159156254458644e+18,1,34.7
1.5159156254419282e+18,1,34.7
1.5159156254493453e+18,1,34.7
1.5159156255133722e+18,1,34.7
1.5159156254840428e+18,1,34.7
1.5159156254707978e+18,1,34.7
1.515915625441895e+18,1,34.7
1.515915625461624e+18,1,34.7
1.5159156254418627e+18,1,34.7
1.5159156254537324e+18,3,34.68
1.5159156254471017e+18,2,34.21
1.5159156254421663e+18,1,33.77
1.515915625470268e+18,1,33.54
1.515915625478689e+18,2,33.52
1.5159156254436396e+18,1,32.38
1.5159156254765092e+18,1,32.38
1.5159156254464515e+18,1,32.38
1.5159156254457085e+18,1,32.38
1.5159156254612554e+18,1,32.38
1.5159156254599022e+18,1,32.38
1.5159156254555338e+18,1,32.38
1.5159156254411305e+18,1,32.38
1.5159156254555807e+18,1,32.38
1.5159156254538307e+18,1,32.38
1.5159156254490404e+18,1,32.38
1.515915625498998e+18,1,32.38
1.515915625482937e+18,1,32.38
1.5159156254645678e+18,1,32.38
1.515915625441868e+18,1,32.38
1.5159156254420342e+18,1,32.38
1.5159156254672061e+18,2,32.36
1.5159156254628598e+18,2,32.36
1.5159156254837056e+18,1,31.92
1.5159156254698432e+18,1,31.23
1.515915625474062e+18,1,31.23
1.5159156254769766e+18,2,31.2
1.5159156254454467e+18,1,30.3
1.5159156254461363e+18,1,30.07
1.515915625455661e+18,1,30.07
1.5159156254694968e+18,1,30.07
1.5159156254466307e+18,1,30.07
1.5159156254411656e+18,1,30.07
1.5159156254815706e+18,1,30.07
1.5159156254427366e+18,1,30.07
1.515915625442791e+18,1,30.07
1.5159156254603645e+18,1,30.07
1.5159156254694815e+18,1,30.07
1.5159156254725463e+18,1,30.07
1.5159156255120026e+18,1,30.07
1.5159156254499676e+18,1,30.07
1.5159156254411126e+18,1,30.07
1.5159156254639816e+18,1,30.07
1.5159156254606298e+18,1,30.07
1.515915625449331e+18,1,30.07
1.5159156254552072e+18,1,30.07
1.5159156254833843e+18,1,30.07
1.5159156254415977e+18,1,30.07
1.5159156254410015e+18,1,30.07
1.5159156254587008e+18,1,30.07
1.5159156254496118e+18,2,30.049999999999997
1.5159156254435361e+18,2,29.58
1.5159156254975247e+18,2,29.58
1.5159156254595415e+18,1,29.14
1.5159156254812564e+18,1,29.14
1.515915625440996e+18,1,29.14
1.5159156254611446e+18,1,28.91
1.5159156254717727e+18,1,28.91
1.5159156254796137e+18,1,28.45
1.5159156254810993e+18,2,28.189999999999998
1.5159156254442368e+18,1,27.92
1.51591562544247e+18,1,27.92
1.5159156254580805e+18,1,27.92
1.515915625452813e+18,1,27.75
1.515915625446577e+18,1,27.75
1.5159156254462034e+18,1,27.75
1.5159156254527368e+18,1,27.75
1.515915625464446e+18,1,27.75
1.5159156254522906e+18,1,27.75
1.5159156254695626e+18,1,27.75
1.5159156254446845e+18,1,27.75
1.515915625463949e+18,1,27.75
1.515915625452113e+18,1,27.75
1.515915625466137e+18,1,27.75
1.5159156254831887e+18,1,27.75
1.5159156254602132e+18,1,27.75
1.5159156254718746e+18,1,27.75
1.5159156255126743e+18,1,27.75
1.5159156254415857e+18,1,27.75
1.5159156254572252e+18,1,27.75
1.5159156254828508e+18,1,27.75
1.5159156254824504e+18,2,27.74
1.5159156254425303e+18,2,27.74
1.5159156254543447e+18,2,27.73
1.5159156254416678e+18,2,26.6
1.5159156255126748e+18,1,26.6
1.5159156254845018e+18,2,25.88
1.515915625478144e+18,1,25.44
1.5159156254553152e+18,1,25.44
1.5159156254733565e+18,1,25.44
1.5159156254602278e+18,1,25.44
1.5159156254501427e+18,1,25.44
1.5159156254625362e+18,1,25.44
1.5159156254785838e+18,1,25.44
1.5159156254456013e+18,1,25.44
1.5159156254613056e+18,1,25.44
1.5159156254515645e+18,1,25.44
1.5159156254420257e+18,1,25.44
1.5159156254477233e+18,1,25.44
1.515915625443024e+18,1,25.44
1.5159156254838572e+18,2,25.419999999999998
1.5159156254413036e+18,2,25.419999999999998
1.515915625441014e+18,2,25.41
1.5159156254515023e+18,1,25.21
1.5159156254421678e+18,1,24.98
1.5159156254414582e+18,2,24.729999999999997
1.5159156254419026e+18,1,24.28
1.5159156254627807e+18,1,24.28
1.5159156254419318e+18,1,24.05
1.515915625459742e+18,1,24.05
1.5159156254685353e+18,1,24.05
1.5159156255136095e+18,1,23.82
1.5159156254458657e+18,1,23.54
1.5159156254499054e+18,1,23.13
1.5159156254521244e+18,1,23.13
1.5159156254975508e+18,1,23.13
1.5159156254560338e+18,1,23.13
1.515915625444402e+18,1,23.13
1.5159156254610447e+18,1,23.13
1.5159156254526098e+18,1,23.13
1.5159156254413937e+18,1,23.13
1.515915625446169e+18,1,23.13
1.515915625471941e+18,1,23.13
1.5159156254609787e+18,1,23.13
1.5159156254579405e+18,1,23.13
1.5159156254716984e+18,1,23.13
1.5159156254422356e+18,1,23.13
1.5159156254581427e+18,1,23.13
1.5159156254420736e+18,1,23.13
1.515915625450888e+18,1,23.13
1.515915625453878e+18,1,23.13
1.5159156254766958e+18,1,23.13
1.5159156254431596e+18,1,23.13
1.5159156254456745e+18,1,23.13
1.5159156254485184e+18,1,23.13
1.5159156254413484e+18,1,23.13
1.5159156254761774e+18,1,23.13
1.5159156254691776e+18,1,23.13
1.5159156254597686e+18,1,23.13
1.5159156254485788e+18,2,23.1
1.5159156254868214e+18,2,23.1
1.5159156254429292e+18,1,22.92
1.5159156254487995e+18,1,22.89
1.5159156254443195e+18,3,22.65
1.515915625479135e+18,3,22.39
1.5159156254698248e+18,1,21.97
1.5159156254633006e+18,1,21.97
1.5159156254442537e+18,1,21.97
1.5159156254441303e+18,1,21.5
1.5159156254815214e+18,1,21.5
1.51591562544107e+18,1,20.81
1.5159156255126592e+18,1,20.81
1.5159156254453302e+18,1,20.81
1.5159156254596616e+18,1,20.81
1.5159156254443784e+18,1,20.81
1.5159156254545344e+18,1,20.81
1.5159156254540618e+18,1,20.81
1.515915625469269e+18,1,20.81
1.5159156254514081e+18,1,20.81
1.5159156254414884e+18,1,20.81
1.5159156254515904e+18,1,20.81
1.5159156254604196e+18,1,20.81
1.51591562547985e+18,1,20.81
1.5159156254426179e+18,1,20.81
1.5159156254468257e+18,1,20.81
1.515915625452664e+18,1,20.81
1.5159156254572137e+18,2,20.78
1.5159156254414784e+18,2,20.55
1.5159156254579415e+18,2,20.14
1.515915625450558e+18,1,20.12
1.5159156254439409e+18,1,19.88
1.515915625464391e+18,1,19.65
1.5159156254661402e+18,1,19.65
1.515915625512676e+18,1,19.65
1.515915625441886e+18,1,19.65
1.515915625456814e+18,1,19.65
1.5159156254497142e+18,1,19.65
1.5159156254743007e+18,1,19.65
1.5159156254415442e+18,1,19.19
1.5159156254409948e+18,1,19.19
1.5159156254783378e+18,3,18.68
1.5159156254567222e+18,1,18.5
1.5159156254546803e+18,1,18.5
1.5159156254607347e+18,1,18.5
1.5159156254603722e+18,1,18.5
1.5159156254419167e+18,1,18.5
1.5159156254733786e+18,1,18.5
1.5159156254814643e+18,1,18.5
1.5159156254674002e+18,1,18.5
1.5159156254514952e+18,1,18.5
1.5159156254766505e+18,1,18.5
1.5159156254442301e+18,1,18.5
1.5159156254433116e+18,1,18.5
1.51591562547528e+18,1,18.5
1.5159156254467264e+18,1,18.5
1.5159156254599286e+18,1,18.5
1.5159156254514348e+18,1,18.5
1.5159156254413148e+18,1,18.5
1.5159156254547295e+18,1,18.5
1.5159156254517793e+18,1,18.5
1.5159156254696148e+18,1,18.5
1.5159156254436477e+18,1,18.5
1.5159156254416143e+18,1,18.5
1.5159156254627126e+18,1,18.5
1.51591562544156e+18,1,18.5
1.5159156254433324e+18,1,18.5
1.5159156254486433e+18,1,18.5
1.515915625471169e+18,1,18.5
1.5159156254476216e+18,2,18.47
1.5159156254737503e+18,3,18.45
1.5159156254443313e+18,2,17.8
1.515915625441156e+18,2,17.78
1.5159156254678152e+18,1,17.34
1.515915625513345e+18,1,17.34
1.51591562544616e+18,1,17.34
1.515915625441893e+18,1,17.34
1.515915625449935e+18,1,17.34
1.5159156254412974e+18,1,17.34
1.515915625441223e+18,1,17.34
1.5159156254420954e+18,1,17.34
1.5159156254410895e+18,2,17.34
1.51591562547519e+18,1,16.88
1.5159156254672822e+18,3,16.6
1.5159156254416522e+18,1,16.41
1.5159156254537567e+18,1,16.18
1.5159156254585298e+18,1,16.18
1.515915625452129e+18,1,16.18
1.5159156254459228e+18,1,16.18
1.515915625446696e+18,1,16.18
1.5159156254614124e+18,1,16.18
1.515915625456002e+18,1,16.18
1.5159156254496863e+18,1,16.18
1.5159156254441818e+18,1,16.18
1.51591562544564e+18,1,16.18
1.5159156254667254e+18,1,16.18
1.5159156254511695e+18,1,16.18
1.5159156254628298e+18,1,16.18
1.5159156254636726e+18,1,16.18
1.5159156254514578e+18,1,16.18
1.5159156254556636e+18,1,16.18
1.5159156254413932e+18,1,16.18
1.5159156254467395e+18,1,16.18
1.515915625453048e+18,1,16.18
1.5159156254604055e+18,2,15.93
1.5159156254712481e+18,2,15.690000000000001
1.515915625441958e+18,1,15.25
1.5159156255111762e+18,1,15.02
1.5159156254415178e+18,1,15.02
1.515915625446906e+18,1,15.02
1.515915625467425e+18,1,15.02
1.5159156254558047e+18,1,15.02
1.5159156254818665e+18,1,15.02
1.515915625484548e+18,1,15.02
1.515915625469668e+18,1,15.02
1.515915625478299e+18,1,15.02
1.5159156254584684e+18,1,15.02
1.5159156254443994e+18,1,15.02
1.5159156254740608e+18,1,14.79
1.5159156254489664e+18,2,14.54
1.5159156254435686e+18,1,13.87
1.5159156254650803e+18,1,13.87
1.5159156254447178e+18,1,13.87
1.5159156254438213e+18,1,13.87
1.515915625448859e+18,1,13.87
1.5159156254789317e+18,1,13.87
1.5159156254551854e+18,1,13.87
1.5159156254782584e+18,1,13.87
1.5159156254514634e+18,1,13.87
1.5159156254427814e+18,1,13.87
1.5159156254809536e+18,1,13.87
1.5159156254485443e+18,1,13.87
1.5159156254732058e+18,1,13.87
1.5159156254711078e+18,1,13.87
1.515915625471537e+18,1,13.87
1.5159156254541542e+18,1,13.87
1.5159156254428114e+18,1,13.87
1.5159156254824712e+18,1,13.87
1.5159156254491855e+18,1,13.87
1.5159156254731244e+18,1,13.87
1.5159156254841887e+18,1,13.87
1.5159156254460662e+18,1,13.87
1.5159156254423396e+18,1,13.87
1.515915625457402e+18,1,13.87
1.515915625462411e+18,1,13.87
1.51591562545032e+18,1,13.87
1.5159156254429614e+18,1,13.87
1.5159156254410824e+18,1,13.87
1.5159156254464346e+18,1,13.87
1.5159156254700042e+18,1,13.87
1.5159156254409452e+18,1,13.87
1.5159156254489193e+18,1,13.87
1.5159156254543729e+18,1,13.87
1.515915625463838e+18,2,13.84
1.5159156254430154e+18,2,13.84
1.51591562551268e+18,1,13.63
1.5159156254546412e+18,1,13.63
1.5159156254420943e+18,1,13.4
1.5159156254430548e+18,1,13.4
1.5159156254602606e+18,2,13.379999999999999
1.5159156254410337e+18,1,13.17
1.5159156254795868e+18,1,13.08
1.5159156254707305e+18,1,12.96
1.5159156254550856e+18,1,12.73
1.5159156254466227e+18,1,12.71
1.5159156254459003e+18,1,12.71
1.5159156254447117e+18,1,12.71
1.5159156254482716e+18,1,12.71
1.5159156254660705e+18,1,12.71
1.5159156254445663e+18,1,12.71
1.515915625497544e+18,1,12.48
1.515915625463585e+18,1,12.48
1.5159156254599012e+18,2,12.46
1.5159156254436352e+18,1,12.25
1.5159156254824835e+18,2,12.219999999999999
1.5159156254592202e+18,1,12.01
1.5159156254932168e+18,1,11.78
1.5159156254423478e+18,1,11.55
1.515915625441087e+18,1,11.55
1.5159156254832095e+18,1,11.55
1.5159156254815816e+18,1,11.55
1.5159156254426775e+18,1,11.55
1.5159156254455258e+18,1,11.55
1.515915625482426e+18,1,11.55
1.5159156254639406e+18,1,11.55
1.5159156254629942e+18,1,11.55
1.5159156254846103e+18,1,11.55
1.5159156254756367e+18,1,11.55
1.5159156254520356e+18,1,11.55
1.515915625477105e+18,1,11.55
1.5159156254587525e+18,1,11.55
1.515915625471217e+18,1,11.55
1.5159156254808653e+18,1,11.55
1.5159156254812262e+18,1,11.55
1.5159156254538125e+18,1,11.55
1.5159156254509402e+18,1,11.55
1.5159156254733335e+18,1,11.55
1.5159156254494728e+18,1,11.55
1.5159156254697966e+18,1,11.55
1.5159156254629376e+18,1,11.55
1.5159156254715523e+18,1,11.55
1.5159156254810918e+18,1,11.55
1.515915625449243e+18,1,11.55
1.515915625443e+18,1,11.55
1.5159156254410207e+18,1,11.55
1.515915625465386e+18,1,11.55
1.515915625498356e+18,1,11.55
1.5159156254824236e+18,1,11.55
1.515915625450139e+18,1,11.55
1.515915625456124e+18,1,11.55
1.515915625446719e+18,1,11.55
1.515915625449875e+18,1,11.55
1.515915625476013e+18,1,11.55
1.5159156254558103e+18,1,11.55
1.5159156254485855e+18,1,11.55
1.5159156254796362e+18,2,11.52
1.5159156254442414e+18,1,11.34
1.5159156254829693e+18,1,11.32
1.5159156254690673e+18,1,11.32
1.5159156254441052e+18,1,11.32
1.5159156254488852e+18,2,11.3
1.5159156254484887e+18,2,11.29
1.5159156254487926e+18,1,10.86
1.5159156254419182e+18,1,10.86
1.5159156254644106e+18,1,10.86
1.5159156254530624e+18,1,10.86
1.515915625466558e+18,1,10.86
1.5159156254525885e+18,1,10.86
1.5159156254416433e+18,1,10.86
1.5159156254448474e+18,1,10.86
1.5159156254521787e+18,1,10.86
1.515915625467759e+18,1,10.86
1.5159156254414958e+18,1,10.86
1.5159156254593592e+18,1,10.42
1.5159156254426824e+18,1,10.42
1.5159156254427302e+18,1,10.39
1.5159156254547988e+18,1,10.39
1.5159156254424732e+18,1,10.39
1.5159156254593042e+18,1,10.39
1.5159156254546952e+18,1,10.39
1.5159156254413332e+18,1,10.39
1.5159156254420362e+18,1,10.39
1.5159156255123766e+18,3,10.350000000000001
1.5159156254608765e+18,1,10.16
1.5159156254409382e+18,1,10.16
1.5159156254429601e+18,1,10.16
1.5159156254483343e+18,1,10.16
1.5159156254677983e+18,1,10.16
1.5159156254409994e+18,1,10.16
1.5159156254443254e+18,1,10.16
1.5159156254479913e+18,1,10.16
1.5159156254825923e+18,1,9.47
1.515915625454038e+18,1,9.26
1.5159156254435039e+18,2,9.26
1.515915625455333e+18,2,9.26
1.5159156254462927e+18,1,9.24
1.515915625469174e+18,1,9.24
1.51591562546193e+18,1,9.24
1.51591562546612e+18,1,9.24
1.5159156254796124e+18,1,9.24
1.515915625467001e+18,1,9.24
1.515915625441501e+18,1,9.24
1.5159156254409974e+18,1,9.24
1.515915625441266e+18,1,9.24
1.5159156254409705e+18,1,9.24
1.5159156254538063e+18,1,9.24
1.5159156254488827e+18,1,9.24
1.5159156254511137e+18,1,9.24
1.5159156254817252e+18,1,9.24
1.515915625447767e+18,1,9.24
1.5159156254764518e+18,1,9.24
1.5159156254854976e+18,1,9.24
1.5159156254485908e+18,1,9.24
1.515915625441635e+18,1,9.0
1.5159156254423652e+18,2,8.93
1.5159156254427387e+18,1,8.77
1.5159156254699804e+18,1,8.54
1.5159156254634115e+18,1,8.54
1.5159156254752422e+18,1,8.54
1.5159156254520952e+18,1,8.31
1.515915625443031e+18,1,8.1
1.5159156254702572e+18,2,8.1
1.5159156254409536e+18,1,8.1
1.5159156254456504e+18,1,8.08
1.5159156254422518e+18,1,8.08
1.5159156254481969e+18,1,8.08
1.5159156254431444e+18,1,8.08
1.5159156254547151e+18,1,8.08
1.5159156254734922e+18,1,8.08
1.5159156254447217e+18,1,8.08
1.5159156254808794e+18,3,8.06
1.515915625447743e+18,2,7.870000000000001
1.5159156254530872e+18,1,7.85
1.5159156254459164e+18,1,7.85
1.5159156254521068e+18,1,7.64
1.5159156254441836e+18,1,7.5
1.5159156254818644e+18,1,7.38
1.5159156254988116e+18,1,7.38
1.515915625451441e+18,1,7.38
1.5159156254441096e+18,1,7.38
1.5159156254482813e+18,1,7.38
1.515915625456887e+18,1,7.38
1.515915625441492e+18,1,7.38
1.5159156254809856e+18,1,7.15
1.5159156254622996e+18,1,6.92
1.515915625466399e+18,1,6.92
1.5159156254677655e+18,1,6.92
1.515915625440984e+18,1,6.92
1.5159156254631237e+18,1,6.92
1.515915625462924e+18,1,6.92
1.5159156254416284e+18,1,6.92
1.5159156254737544e+18,1,6.92
1.5159156254569272e+18,1,6.92
1.5159156254634499e+18,1,6.92
1.5159156254411348e+18,1,6.92
1.5159156254581028e+18,1,6.92
1.5159156254482102e+18,1,6.92
1.5159156254419139e+18,1,6.92
1.5159156254422185e+18,1,6.92
1.5159156254414769e+18,1,6.92
1.5159156254792576e+18,1,6.92
1.5159156254466237e+18,1,6.92
1.5159156254552914e+18,1,6.92
1.515915625471557e+18,1,6.92
1.5159156254774252e+18,1,6.92
1.5159156254437606e+18,1,6.92
1.5159156254448707e+18,1,6.92
1.5159156254455977e+18,1,6.92
1.5159156254753093e+18,1,6.92
1.5159156254416453e+18,1,6.92
1.515915625463756e+18,1,6.92
1.5159156254410345e+18,1,6.92
1.515915625444863e+18,1,6.69
1.5159156254428416e+18,1,6.69
1.515915625483604e+18,1,6.46
1.5159156254503299e+18,1,6.46
1.515915625443007e+18,1,6.0
1.51591562544862e+18,1,6.0
1.5159156254418867e+18,1,6.0
1.5159156254624276e+18,1,5.79
1.51591562545215e+18,1,5.76
1.5159156254646344e+18,1,5.76
1.5159156254517386e+18,1,5.76
1.5159156254454287e+18,1,5.76
1.5159156254844045e+18,1,5.76
1.5159156254413594e+18,1,5.76
1.5159156254819064e+18,1,5.76
1.5159156254489853e+18,1,5.76
1.5159156254432046e+18,1,5.76
1.51591562544871e+18,1,5.76
1.5159156254571226e+18,1,5.76
1.5159156254425805e+18,1,5.76
1.5159156254415173e+18,1,5.76
1.5159156254449615e+18,1,5.76
1.5159156254484086e+18,1,5.76
1.515915625453192e+18,1,5.76
1.5159156254814282e+18,1,5.76
1.515915625449539e+18,2,5.74
1.5159156254629855e+18,1,5.53
1.5159156254598175e+18,1,5.53
1.5159156254436058e+18,1,5.3
1.5159156254512973e+18,1,5.3
1.515915625467783e+18,1,5.07
1.5159156254558205e+18,1,5.07
1.5159156254732155e+18,1,5.07
1.51591562547192e+18,2,5.07
1.5159156254462684e+18,1,5.07
1.515915625449744e+18,2,5.050000000000001
1.5159156254628493e+18,1,4.63
1.5159156254802094e+18,1,4.61
1.5159156254533404e+18,1,4.61
1.5159156254606892e+18,1,4.61
1.5159156254411443e+18,1,4.61
1.5159156254436974e+18,1,4.61
1.5159156254507264e+18,1,4.61
1.5159156254457723e+18,1,4.61
1.5159156254733532e+18,1,4.61
1.5159156254515694e+18,1,4.61
1.5159156254769341e+18,1,4.61
1.515915625442838e+18,1,4.61
1.515915625482433e+18,1,4.61
1.5159156254500372e+18,1,4.61
1.5159156254436703e+18,1,4.61
1.5159156254604762e+18,1,4.61
1.515915625450565e+18,1,4.61
1.515915625448329e+18,1,4.61
1.5159156254659763e+18,1,4.61
1.515915625465679e+18,1,4.61
1.5159156254623173e+18,1,4.61
1.515915625448137e+18,1,4.61
1.5159156254527089e+18,2,4.58
1.515915625478121e+18,2,4.58
1.5159156254537853e+18,1,4.4
1.5159156254441226e+18,1,4.4
1.5159156254445276e+18,1,4.4
1.5159156254948385e+18,1,4.38
1.5159156254648481e+18,1,4.38
1.5159156255115625e+18,1,4.38
1.5159156254439396e+18,1,4.38
1.5159156254459295e+18,1,4.38
1.5159156254824312e+18,1,4.38
1.5159156254726467e+18,1,4.38
1.5159156254437386e+18,1,4.14
1.5159156254694395e+18,1,4.14
1.5159156254503526e+18,1,4.14
1.5159156254535744e+18,1,4.14
1.5159156254676342e+18,1,4.14
1.5159156254488689e+18,1,4.14
1.515915625442439e+18,1,4.14
1.515915625441414e+18,1,4.14
1.5159156254460104e+18,1,4.14
1.5159156254459732e+18,1,4.14
1.5159156254694106e+18,1,4.14
1.5159156254576952e+18,1,4.14
1.5159156254645087e+18,1,4.14
1.5159156254492567e+18,1,4.14
1.5159156254662188e+18,1,3.91
1.5159156254719718e+18,1,3.91
1.515915625443171e+18,1,3.68
1.5159156254579612e+18,1,3.47
1.515915625469205e+18,1,3.47
1.515915625441096e+18,1,3.45
1.515915625464628e+18,1,3.45
1.5159156254410975e+18,1,3.45
1.5159156254928556e+18,1,3.45
1.5159156254580078e+18,1,3.45
1.51591562548153e+18,1,3.45
1.5159156254711877e+18,1,3.45
1.5159156254421527e+18,1,3.45
1.5159156254926228e+18,1,3.45
1.5159156254556063e+18,1,3.45
1.515915625442523e+18,1,3.45
1.5159156254429693e+18,1,3.36
1.5159156254493284e+18,1,3.36
1.515915625492424e+18,1,3.22
1.5159156254450547e+18,1,3.22
1.5159156254824558e+18,1,3.01
1.5159156254521172e+18,1,2.99
1.5159156254978493e+18,1,2.99
1.515915625443906e+18,1,2.99
1.5159156254437338e+18,1,2.99
1.5159156254545523e+18,1,2.78
1.515915625512968e+18,1,2.78
1.5159156254719012e+18,1,2.78
1.515915625445935e+18,1,2.78
1.5159156255123604e+18,1,2.78
1.515915625476091e+18,1,2.78
1.5159156254868298e+18,1,2.75
1.5159156254823035e+18,1,2.75
1.5159156254716698e+18,1,2.75
1.515915625446624e+18,1,2.75
1.5159156254789036e+18,1,2.75
1.5159156254503245e+18,1,2.75
1.5159156254505708e+18,1,2.52
1.515915625465181e+18,1,2.31
1.5159156254418803e+18,1,2.31
1.5159156254464164e+18,1,2.31
1.515915625469644e+18,1,2.31
1.5159156254504988e+18,1,2.31
1.5159156254450053e+18,1,2.31
1.5159156254469885e+18,1,2.29
1.5159156254440338e+18,1,2.29
1.5159156254835492e+18,1,2.29
1.515915625441672e+18,1,2.29
1.5159156254592305e+18,1,2.29
1.515915625468539e+18,1,2.29
1.5159156254555377e+18,1,2.29
1.515915625454923e+18,1,2.29
1.5159156254639327e+18,1,2.29
1.5159156254454083e+18,1,2.08
1.5159156254503987e+18,1,2.08
1.5159156254493647e+18,1,2.08
1.5159156254412854e+18,1,2.08
1.5159156254638592e+18,1,2.08
1.5159156254486894e+18,1,2.08
1.5159156254633434e+18,1,2.06
1.515915625460522e+18,1,2.06
1.51591562545218e+18,1,2.06
1.5159156254427374e+18,1,2.06
1.5159156254717117e+18,1,2.06
1.5159156254615206e+18,1,2.01
1.5159156254515103e+18,1,1.83
1.5159156254810168e+18,1,1.83
1.515915625482278e+18,1,1.83
1.515915625474313e+18,1,1.83
1.5159156254437071e+18,1,1.6
1.5159156254504973e+18,1,1.6
1.5159156254523028e+18,1,1.6
1.5159156254640942e+18,1,1.6
1.515915625441308e+18,1,1.6
1.5159156254583908e+18,1,1.6
1.515915625492907e+18,1,1.6
1.5159156254447624e+18,1,1.6
1.5159156255126597e+18,1,1.6
1.5159156254812104e+18,1,1.39
1.5159156254739236e+18,1,1.39
1.515915625444321e+18,1,1.39
1.5159156254416067e+18,1,1.39
1.5159156254606303e+18,1,1.39
1.5159156254442596e+18,1,1.39
1.5159156254731018e+18,1,1.37
1.5159156254577126e+18,1,1.16
1.5159156254418819e+18,1,1.16
1.5159156254416115e+18,1,1.13
1.5159156254554296e+18,1,1.13
1.5159156254695283e+18,1,1.13
1.5159156254621074e+18,1,1.13
1.5159156254600146e+18,1,1.13
1.5159156254944317e+18,1,1.13
1.5159156254753925e+18,1,1.04
1.5159156254479283e+18,1,1.04
1.5159156254857126e+18,1,0.93
1.515915625467858e+18,1,0.93
1.5159156254602033e+18,1,0.46
1.515915625479382e+18,2,0.25
1.5159156254462193e+18,1,0.23
1.5159156254464445e+18,1,0.23
1.5159156254419576e+18,1,0.02
1.5159156254476403e+18,1,0.02
